title,citations,type_of_publication,journal_conference_name,year,country_funding_affiliation,field_s,meets_inclusion_criteria_contains_methods_study_model_is_not_a_survey_implements_empathetic_ai,out_of_scope_0,notes_origin_of_article,rationale_domain,category,hypothesis,context_dependence,notes_article_rationale,definition_used_not_systematic,definition_implemented,domain_of_empathy,study_design,measurement_method,studying_humans_or_robots_response,notes_empathy,modalities,quantity_of_data,notes_data,embodiment,application_space,approach,definition,technical_domain,notes_technical_implementation,methodology,control_group,treatment_group,subject_handling,notes_evaluation,type_of_baseline,performance_metric,validation_procedure,statistical_testing,comparison_of_results,notes_results,dataset,code,notes_reproducibility
Evolving Artificial Pain from Fault Detection through Pattern Data Analysis,1,conferencePaper,2017 IEEE INTERNATIONAL CONFERENCE ON REAL-TIME COMPUTING AND ROBOTICS (RCAR),2017,ID,NA,1,0,Country=appreciation to department at Indonesian university,NA,NA,NA,NA,NA,none,pain,behavioral threshold,pain study,behavioral threshold,h,"A pain study is a specific type of psychological experiment with a standard design - pain vs no pain conditions; behavioral threshold = scalar measure of behavioral response (e.g., how badly would you hurt the robot?)",NA,NA,NA,NAO Robot,HRI,Causal reasoning,Thresholds,behavioral threshold,Develop underlying tech (concept of pain) to ground empathy,NA,NA,NA,NA,NA,NA,NA,NA,NA,NA,NA,0,0,NA
Empirical Study of Humor Support in Social Human-Robot Interaction,9,conferencePaper,"DISTRIBUTED, AMBIENT AND PERVASIVE INTERACTIONS, (DAPI 2016)",2016,FR,NA,1,0,Country=authors,NA,NA,NA,NA,NA,none,emotional empathy,humor,social interaction,"questionnaire, behavioral observation",h,NA,NA,NA,NA,NAO Robot,HRI,Wizard of Oz,-,-,Non an implementation of empathy,NA,NA,NA,NA,NA,NA,NA,NA,NA,NA,NA,0,0,NA
The Effects of Cognitive Biases in Long-Term Human-Robot Interactions: Case Studies Using Three Cognitive Biases on MARC the Humanoid Robot,2,conferencePaper,"SOCIAL ROBOTICS, (ICSR 2016)",2016,UK,Cognitive bias in robot; Human-robot interaction; Human-robot long-term interactions; Imperfect robot,1,0,Country=author,NA,NA,NA,NA,NA,none,prosociality,verbal cues,social interaction,questionnaire,h,NA,NA,NA,NA,MARC Humanoid Robot,HRI,Wizard of Oz,NA,NA,Implementation of imperfect robot behavior to study empathy gap bias.,NA,NA,NA,NA,NA,NA,NA,NA,NA,NA,NA,0,0,NA
Predicting Future Alleviation of Mental Illness in Social Media: An Empathy-Based Social Network Perspective,0,conferencePaper,"2019 IEEE Intl Conf on Parallel Distributed Processing with Applications, Big Data Cloud Computing, Sustainable Computing Communications, Social Computing Networking (ISPA/BDCloud/SocialCom/SustainCom)",2019,CN,NA,1,0,Country=authors,NA,NA,NA,NA,NA,descriptions but no definition,"emotional empathy, informational empathy",verbal cues,social interaction,machine learning,h,NA,NA,NA,NA,None / Text,Medicine / Psychology / NLP,"Word2vec / Doc2vec / NB, LR, RBF/SVM RF",NA,NA,Detection of mental illness in Social Media,NA,NA,NA,NA,NA,NA,NA,NA,NA,NA,NA,0,0,NA
Helper's High with a Robot Pet,0,conferencePaper,Companion of the 2021 ACM/IEEE International Conference on Human-Robot Interaction,2021,UK,NA,1,0,Country=authors,NA,NA,NA,NA,NA,none,emotional empathy,verbal cues,social interaction,"questionnaires, interview",h,NA,NA,NA,NA,Vector Robot,HRI,Not specified,NA,NA,Robot behavior to elicit an empathy response from the participants towards the robot,NA,NA,NA,NA,NA,NA,NA,NA,NA,NA,NA,0,0,NA
Facial Expression of Social Interaction Based on Emotional Motivation of Animal Robot,4,conferencePaper,"2015 IEEE INTERNATIONAL CONFERENCE ON SYSTEMS, MAN, AND CYBERNETICS (SMC 2015): BIG DATA ANALYTICS FOR HUMAN-CENTRIC SYSTEMS",2015,JP,CBA; component; Facial Expression Recognition; Human-Robot Interactio; Social Robot,1,0,NA,NA,NA,NA,NA,NA,none,emotional empathy,"facial expression, mirroring",social interaction,"features analysis, behavior modelling",h,NA,NA,NA,NA,Conbe Robot,HRI,Cognitive Architecture / TopoART + CLM,NA,NA,Implements some form of facial emotion recognition and tries to generate eye expressions in relation to the detected facial expression which is deemed empathetic,NA,NA,NA,NA,NA,NA,NA,NA,NA,NA,NA,0,0,NA
Learning Empathy-Driven Emotion Expressions using Affective Modulations,12,conferencePaper,2018 INTERNATIONAL JOINT CONFERENCE ON NEURAL NETWORKS (IJCNN),2018,DE,NA,1,0,NA,NA,NA,NA,NA,NA,descriptions but no definition,emotional empathy,"facial expression, emotional cues","behavior modelling, machine learning",behavioral observation,R,This paper IS trying to teach AI empathy,NA,NA,NA,NICO Robot,HRI,Perception: CNN; GWRs for Mood and Affective Memory modeling,NA,NA,Implements some form of facial emotion recognition and tries to generate facial expressions (eyebrows and mouth) in relation to the detected facial expression which is deemed empathetic,NA,NA,NA,NA,NA,NA,NA,NA,NA,NA,NA,0,0,NA
Prompting Prosocial Human Interventions in Response to Robot Mistreatment,6,conferencePaper,PROCEEDINGS OF THE 2020 ACM/IEEE INTERNATIONAL CONFERENCE ON HUMAN-ROBOT INTERACTION (HRI `20),2020,US,Human-robot interaction; prosocial behavior; robot abuse,1,0,Country=authors,NA,NA,NA,NA,NA,none,"prosociality, pain","emotional cues, behavioral threshold, group behavior",social interaction,"features analysis, behavior modelling",h,NA,NA,NA,NA,Cozmo Robot,HRI,Not specified,NA,NA,Studies bystander behavior to elicit empathetic response from a human towards a mistreated robot,NA,NA,NA,NA,NA,NA,NA,NA,NA,NA,NA,0,0,NA
Group-based Emotions in Teams of Humans and Robots,36,conferencePaper,HRI `18: PROCEEDINGS OF THE 2018 ACM/IEEE INTERNATIONAL CONFERENCE ON HUMAN-ROBOT INTERACTION,2018,PT,emotion; group effects; Human-robot teamwork; identification; inter-group interactions; self-categorisation; trust,1,0,NA,NA,NA,NA,NA,NA,none,emotional empathy,"emotional empathy, mirroring, group behavior, in-group",game,questionnaires,h,"This paper IS trying to teach AI empathy; in-group/out-group experimental designs compare shared group behavior with ""outsider"" behavior",NA,NA,NA,EMYS robot,HRI,Not specified,NA,NA,Studies expression of individual and group-based emotions and its effect on group dynamics,NA,NA,NA,NA,NA,NA,NA,NA,NA,NA,NA,0,0,NA
Empathic concern and the effect of stories in human-robot interaction,84,conferencePaper,2015 24TH IEEE INTERNATIONAL SYMPOSIUM ON ROBOT AND HUMAN INTERACTIVE COMMUNICATION (RO-MAN),2015,US,NA,1,0,Country=authors,NA,NA,NA,NA,NA,DEF: anthropomorphism,"prosociality, pain",behavioral threshold,"personal narrative, pain study","reaction time, questionnaire",h,NA,NA,NA,NA,Hexbug nano,HRI,Not specified,NA,NA,Studies trait empathy towards robot with and without a back-stories,NA,NA,NA,NA,NA,NA,NA,NA,NA,NA,NA,0,0,NA
A Laughing-driven Pupil Response System for Inducing Empathy,2,conferencePaper,2016 IEEE/SICE INTERNATIONAL SYMPOSIUM ON SYSTEM INTEGRATION (SII),2016,JP,NA,1,0,"Same system used in ""A Laughing-driven Pupil Response System for Inducing Empathy"", ""Development of a Pupil Response System with Empathy Expression in Face-to-Face Body Contact"" and ""A pupil response system using hemispherical displays for enhancing affective conveyance""",NA,NA,NA,NA,NA,none,emotional empathy,humor,social interaction,pupil response,h,NA,NA,NA,NA,Robotic Eye,HRI,GOFAI,NA,NA,Studies robotic eye-expression in response to a joke as a mechanism to elicit an empathetic response towards robots,NA,NA,NA,NA,NA,NA,NA,NA,NA,NA,NA,0,0,NA
Human-Robot Interaction based on Facial Expression Imitation,1,conferencePaper,2019 7TH INTERNATIONAL CONFERENCE ON ROBOTICS AND MECHATRONICS (ICROM 2019),2019,IR,Convolutional Neural Network; Facial Expression Recognition; Human Robot Interaction; Imitation; Social Robots,1,0,NA,NA,NA,NA,NA,NA,none,imitation,facial expression,"behavior modelling, machine learning","questionnaires, behavior modelling","h, R",NA,NA,NA,NA,RASA Robot,HRI,Emotion Recognition: CNN,NA,NA,Studies facial expression mimicry as a mechanism to elicit empathy towards robots,NA,NA,NA,NA,NA,NA,NA,NA,NA,NA,NA,0,0,NA
Do We Need Emotionally Intelligent Artificial Agents? First Results of Human Perceptions of Emotional Intelligence in Humans Compared to Robots,18,conferencePaper,"IN℡LIGENT VIRTUAL AGENTS, IVA 2017",2017,US,emotional intelligence; empathetic robot; Human-robot interaction,1,0,NA,NA,NA,NA,NA,NA,none,emotional intelligence,body language,"social interaction, behavior modelling",questionnaires,h,NA,NA,NA,NA,None / Videos of interactions with the PR2 robot,HRI,Not specified,NA,NA,"Studies perception of different levels of “empathetic” responses from a robots towards its human partner. Staged recordings, the participants rather the videos",NA,NA,NA,NA,NA,NA,NA,NA,NA,NA,NA,0,0,NA
Effectiveness of Android-Based Mobile Robots For Children Asperger Syndrome,0,conferencePaper,2018 International Conference on Applied Information Technology and Innovation (ICAITI),2018,ID,NA,1,0,Country=authors,NA,NA,NA,NA,NA,none,socialability,not specified,therapeutic intervention,behavioral observation,h,NA,NA,NA,NA,Custom small wheeled robot / Cozmo-like,HRI / Therapy,Not specified,NA,NA,Play therapy for Children with Asperger’s Syndrome. Nothing about empathy,NA,NA,NA,NA,NA,NA,NA,NA,NA,NA,NA,0,0,NA
Evaluation of the Emotional Answer in HRI on a Game Situation,1,conferencePaper,Proceedings of the Latin American Conference on Human Computer Interaction,2015,MX,NA,1,0,Country=author,NA,NA,NA,NA,NA,DEF: mentalizing,emotional empathy,body language,game,"cardiac, breathing, behavioral self-report",h,NA,NA,NA,NA,NAO Robot,HRI,Not specified,NA,NA,Studies a mechanism to elicit empathy towards robots in a lottery game,NA,NA,NA,NA,NA,NA,NA,NA,NA,NA,NA,0,0,NA
Influence of Upper Body Pose Mirroring in Human-Robot Interaction,12,conferencePaper,SOCIAL ROBOTICS (ICSR 2015),2015,UK,Anthropomorphism; Body-pose mirroring; Empathy; Rapport,1,0,Country=authors,NA,NA,NA,NA,NA,none,imitation,"body language, mirroring",social interaction,questionnaire,h,NA,NA,NA,NA,NAO Robot,HRI,Not specified,NA,NA,Studies upper body mimicry as a mechanism to elicit empathy towards robots,NA,NA,NA,NA,NA,NA,NA,NA,NA,NA,NA,0,0,NA
Towards Empathetic Human-Robot Interactions,39,conferencePaper,"COMPUTATIONAL LINGUISTICS AND IN℡LIGENT TEXT PROCESSING, (CICLING 2016), PT II",2018,HK,NA,1,0,Country=authors,NA,NA,NA,NA,NA,none,"emotional empathy, humor",verbal cues,"behavior modelling, machine learning","signal processing ,sentiment analysis, machine learning",R,NA,NA,NA,NA,Avatar,HRI,Multimodal ER: CNN + LSTM,NA,NA,"Emotion, sentiment and humor recognition. Another paper seems to describe the system further",NA,NA,NA,NA,NA,NA,NA,NA,NA,NA,NA,0,0,NA
The Maze of Realizing Empathy with Social Robots,0,conferencePaper,2020 29TH IEEE INTERNATIONAL CONFERENCE ON ROBOT AND HUMAN INTERACTIVE COMMUNICATION (RO-MAN),2020,ES,NA,1,0,Country=authors,NA,NA,NA,NA,NA,descriptions but no definition - sections I - IV might be useful,"emotional empathy, prosociality",cooperation,game,questionnaire,h,NA,NA,NA,NA,Robobo,HRI,GOFAI,NA,NA,"Dialogue-based interaction, in which the robot argues about how to make the next decision based on the game's history and the user's response. Attempts to develop trust from the user",NA,NA,NA,NA,NA,NA,NA,NA,NA,NA,NA,0,0,NA
Expression of Emotions by a Service Robot: A Pilot Study,7,conferencePaper,"DESIGN, USER EXPERIENCE, AND USABILITY: TECHNOLOGICAL CONTEXTS, PT III",2016,IT,Emotional design; Healthcare; Human robot interaction; Service robot; User experience,1,0,Country=authors,NA,NA,NA,NA,NA,none,"emotional empathy, imitation","facial expression, body language, mimicry",behavior modelling,questionnaire,h,NA,NA,NA,NA,Virtual Reality,HRI,Not specified,NA,NA,Studies emotion-laden facial and body expressions to improve HRI communication and elicit empathy towards the robot,NA,NA,NA,NA,NA,NA,NA,NA,NA,NA,NA,0,0,NA
A Deep Learning Approach to Modeling Empathy in Addiction Counseling,20,conferencePaper,"17TH ANNUAL CONFERENCE OF THE INTERNATIONAL SPEECH COMMUNICATION ASSOCIATION (INTERSPEECH 2016), VOLS 1-5: UNDERSTANDING SPEECH PROCESSING IN HUMANS AND MACHINES",2016,US,behavioral signal processing; motivational interviews; recurrent neural networks; word embedding,1,0,NA,NA,NA,NA,NA,NA,none,emotional empathy,verbal cues,deep learning,deep learning,R,NA,NA,NA,NA,None / Text,Psychology / Counseling,ER Text: LSTM,NA,NA,Develops a system to quantify levels of empathy from a counselor towards the patient.,NA,NA,NA,NA,NA,NA,NA,NA,NA,NA,NA,0,0,NA
I Remember You! Interaction with Memory for an Empathic Virtual Robotic Tutor,24,conferencePaper,Proceedings of the 2016 International Conference on Autonomous Agents &amp; Multiagent Systems,2016,EU,NA,1,0,NA,NA,NA,NA,NA,NA,none,informational empathy,memory,pedagogical task,questionnaire,h,NA,NA,NA,NA,Virtual Agent / EMYS Robot,HRI,Cognitive Architecture,NA,NA,Studies the effect of an virtual tutor with memory as a mechanism to elicit empathy towards the tutor.,NA,NA,NA,NA,NA,NA,NA,NA,NA,NA,NA,0,0,NA
Expression of Grounded Affect: How Much Emotion Can Arousal Convey?,0,conferencePaper,Lecture Notes in Computer Science (including subseries Lecture Notes in Artificial Intelligence and Lecture Notes in Bioinformatics),2020,UK,NA,1,0,Country=authors,NA,NA,NA,NA,NA,none,emotional empathy,body language,behavior modelling,interview,h,NA,NA,NA,NA,Hexapod Robot,HRI,GOFAI,NA,NA,Studies body expressions as a mechanism to elicit empathy towards the robot,NA,NA,NA,NA,NA,NA,NA,NA,NA,NA,NA,0,0,NA
Design and Evaluation of a Peripheral Robotic Conversation Companion,78,conferencePaper,PROCEEDINGS OF THE 2015 ACM/IEEE INTERNATIONAL CONFERENCE ON HUMAN-ROBOT INTERACTION (HRI'15),2015,IL,Ambient kinetic tangibles; Behavior change; Design; Empathy; Human-robot interaction; Robotic companions; Smartphone robots,1,0,Country=authors,NA,NA,NA,NA,NA,none,emotional empathy,"verbal cues, body language",social interaction,behavioral observation,h,NA,NA,NA,NA,Kip1 robot (lamp-like),HRI,GOFAI / Not specified,NA,NA,Studies the effect of body expressions of a robotic bystander in human-human interaction to evoke more empathy interactions among people,NA,NA,NA,NA,NA,NA,NA,NA,NA,NA,NA,0,0,NA
When Children Teach a Robot to Write: An Autonomous Teachable Humanoid Which Uses Simulated Handwriting,145,conferencePaper,PROCEEDINGS OF THE 2015 ACM/IEEE INTERNATIONAL CONFERENCE ON HUMAN-ROBOT INTERACTION (HRI'15),2015,CH,NA,1,0,NA,NA,NA,NA,NA,NA,none,"meta-cognition, informational empathy, prosociality",helping,pedagogical task,factor analysis,h,NA,NA,NA,NA,NAO Robot,HRI,Character generation and recognition: GOFAI / PCA,NA,NA,Studies whether children teaching a robot how to write can help improve children confidence and selfsteem,NA,NA,NA,NA,NA,NA,NA,NA,NA,NA,NA,0,0,NA
Artificial Empathy in Social Robots: An analysis of Emotions in Speech,12,conferencePaper,2018 27TH IEEE INTERNATIONAL SYMPOSIUM ON ROBOT AND HUMAN INTERACTIVE COMMUNICATION (IEEE RO-MAN 2018),2018,NZ,NA,1,0,NA,NA,NA,NA,NA,NA,none,emotional empathy,emotional cues,behavior modelling,questionnaire,h,NA,NA,NA,NA,Heathbot,HRI,GOFAI,NA,NA,Studies the effect of voice (prosody) in humans’ perception of empathy,NA,NA,NA,NA,NA,NA,NA,NA,NA,NA,NA,0,0,NA
Emotion Synchronization Method for Robot Facial Expression,0,conferencePaper,Lecture Notes in Computer Science (including subseries Lecture Notes in Artificial Intelligence and Lecture Notes in Bioinformatics),2020,JP,Biological signals; Communication robot; Emotion estimation; Facial Expressions; Human computer interaction; Human emotion; Human robots; Robots; Subjective impressions; Synchronization; Synchronization method; Empathy,1,0,Country=authors,NA,NA,NA,NA,NA,"DEF: Syncrhony ""Empathy can be created by syncing human emotion with the robot expression""","synchrony, emotional empathy","facial expressions, biological signal",behavior modelling,"questionnaire, observed behavior, neuroimaging, heart rate",h,NA,NA,NA,NA,ROMAN,HRI,GOFAI,NA,NA,"Studies the effect of facial expression mimicry, complemented with brain wave and heart rate information",NA,NA,NA,NA,NA,NA,NA,NA,NA,NA,NA,0,0,NA
Smiles of children with ASD may facilitate helping behaviors to the robot,0,conferencePaper,Lecture Notes in Computer Science (including subseries Lecture Notes in Artificial Intelligence and Lecture Notes in Bioinformatics),2018,JP,NA,1,0,Country=authors,NA,NA,NA,NA,NA,none,"emotional empathy, prosociality","helping, facial expressions",social interaction,behavioral observation,h,NA,NA,NA,NA,NAO Robot,HRI,Wizard of Oz,NA,NA,Studies the use of smiles (robot) to promote helping behavior from Children with ASD towards a robot,NA,NA,NA,NA,NA,NA,NA,NA,NA,NA,NA,0,0,NA
Development and Evaluation of an Interactive Therapy Robot,4,conferencePaper,"ADVANCES IN COMPUTER ENTERTAINMENT TECHNOLOGY, ACE 2017",2018,JP,Healing elements Therapeutic robots designed to communicate with humans; Therapeutic effect,1,0,Country=authors,NA,NA,NA,NA,NA,none,"personality, prosociality, emotional intelligence, reciprocity","body language, verbal cues, superficial appearance",social interaction,"questionnaire, factor analysis",h,NA,NA,NA,NA,Teddy bear,Psychology / Therapy,GOFAI: FER: OpenCV; Voice Recognition: NTT DoCoMo,NA,NA,Attempt to replace zootherapy with robots,NA,NA,NA,NA,NA,NA,NA,NA,NA,NA,NA,0,0,NA
Effect of Explicit Emotional Adaptation on Prosocial Behavior of Humans towards Robots depends on Prior Robot Experience,5,conferencePaper,2018 27TH IEEE INTERNATIONAL SYMPOSIUM ON ROBOT AND HUMAN INTERACTIVE COMMUNICATION (IEEE RO-MAN 2018),2018,DE,NA,1,0,NA,NA,NA,NA,NA,NA,none,"adaptability, prosociality, emotional empathy, emotional intelligence","helping, mirroring, facial expressions, verbal cues, mood",social interaction,"questionnaire, behavioral observation",h,NA,NA,NA,NA,NAO Robot,HRI,GOFAI,NA,NA,Studies non-explicit emotional expressions mechanisms that would still evoke empathetic responses towards the robot,NA,NA,NA,NA,NA,NA,NA,NA,NA,NA,NA,0,0,NA
Counseling Robot Implementation and Evaluation,3,conferencePaper,"2018 IEEE INTERNATIONAL CONFERENCE ON SYSTEMS, MAN, AND CYBERNETICS (SMC)",2018,JP,Counseling; Dialog Promotion; Nodding; Robot; unazuki,1,0,NA,NA,NA,NA,NA,NA,none,approval,"body language, verbal cues, superficial appearance",social interaction,"questionnaire, behavioral observation",h,NA,NA,NA,NA,Custom Robotic Head,HRI / Counseling,Chatbot: GOFAI / Fuzzy Logic,NA,NA,Studies the effect of nodding and non-verbal cues in embodied chatbots,NA,NA,NA,NA,NA,NA,NA,NA,NA,NA,NA,0,0,NA
"Compassion, empathy and sympathy expression features in affective robotics",17,conferencePaper,"7th IEEE International Conference on Cognitive Infocommunications, CogInfoCom 2016 - Proceedings",2017,PL,NA,1,0,Country=authors,NA,NA,NA,NA,NA,none,emotional empathy,"emotion recognition, verbal cues, mood",sorting task,"cultural differences, sorting task",h,NA,NA,NA,NA,None,Linguistics,GOFAI / NodeXL,NA,NA,"Comparison between definition and written expression of compassion, empathy and sympathy between British English and Polish",NA,NA,NA,NA,NA,NA,NA,NA,NA,NA,NA,0,0,NA
Performance Analysis of Unimodal and Multimodal Models in Valence-Based Empathy Recognition,2,conferencePaper,2019 14TH IEEE INTERNATIONAL CONFERENCE ON AUTOMATIC FACE AND GESTURE RECOGNITION (FG 2019),2019,EU;DE,NA,1,0,NA,NA,NA,NA,NA,NA,none,adaptability,"facial expressions, body language, verbal cues","machine learning, social interaction","feature analysis, machine learning",h,NA,NA,NA,NA,Videos,Computer Vision,"Multimodal ER: OpenFace, OpenSMILE + BLSTM",NA,NA,Audio-visual valence-based empathy recognition,NA,NA,NA,NA,NA,NA,NA,NA,NA,NA,NA,0,0,NA
"Degrees of Empathy: Humans’ Empathy Toward Humans, Animals, Robots and Objects",0,conferencePaper,Lecture Notes in Electrical Engineering,2019,IT,NA,1,0,Country=authors,NA,NA,NA,NA,NA,"DEF: ""Empathy is the ability to understand and feel what social partners feel, to perceivetheir feelings and emotions and to understand others’ points of view, mental states,beliefs and thoughts.""","pain, compassion","behavioral threshold, self-descriptions",social interaction,questionnaire,h,NA,NA,NA,NA,Videos,HRI?,Not Applicable,NA,NA,Studies the effect of embodiment on the level of empathy elicited,NA,NA,NA,NA,NA,NA,NA,NA,NA,NA,NA,0,0,NA
Robot-on-Robot Gossiping to Improve Sense of Human-Robot Conversation,1,conferencePaper,2020 29TH IEEE INTERNATIONAL CONFERENCE ON ROBOT AND HUMAN INTERACTIVE COMMUNICATION (RO-MAN),2020,JP,NA,1,0,NA,NA,NA,NA,NA,NA,none,gossip,verbal cues,social interaction,questionnaire,h,NA,NA,NA,NA,CommU,HRI,GOFAI,NA,NA,Studies the effect of Gossiping as a mechanism to elicit empathy towards the robot,NA,NA,NA,NA,NA,NA,NA,NA,NA,NA,NA,0,0,NA
Studying Effects of Incorporating Automated Affect Perception with Spoken Dialog in Social Robots,4,conferencePaper,2018 27TH IEEE INTERNATIONAL SYMPOSIUM ON ROBOT AND HUMAN INTERACTIVE COMMUNICATION (IEEE RO-MAN 2018),2018,US,NA,1,0,NA,NA,NA,NA,NA,NA,none,emotional empathy,facial expressions,social interaction,"questionnaire, behavioral observation",h,NA,NA,NA,NA,Ryan Companionbot,HRI,GOFAI / FER: CNN or Wizard of Oz,NA,NA,Studies the effect of predefined sentences that align better with the facial expressions of the human. Implements a facial emotion recognition system.,NA,NA,NA,NA,NA,NA,NA,NA,NA,NA,NA,0,0,NA
The Role of Animism Tendencies and Empathy in Adult Evaluations of Robot,4,conferencePaper,Proceedings of the 7th International Conference on Human-Agent Interaction,2019,JP,NA,1,0,NA,NA,NA,NA,NA,NA,none,animism,"superficial appearance, superficial appearance",photo rating task,questionnaire,h,NA,NA,NA,NA,"Toyota’s KIROBO mini, Sony’s aibo and MJI’s Tapia",HRI,Not Applicable,NA,NA,Studies the effect of embodiment on levels as ascribed autonomy and empathy,NA,NA,NA,NA,NA,NA,NA,NA,NA,NA,NA,0,0,NA
Robot Mirroring: Promoting Empathy with an Artificial Agent by Reflecting the User's Physiological Affective States,0,conferencePaper,2020 29TH IEEE INTERNATIONAL CONFERENCE ON ROBOT AND HUMAN INTERACTIVE COMMUNICATION (RO-MAN),2020,JP;CH;FR,embodiment; empathy and intersubjectivity; haptic feedback; human-machine interaction,1,0,Country=authors,NA,NA,NA,NA,NA,none,"mirroring, emotional empathy","biological signal, superficial appearance, facial expressions, mood","photo rating task, haptic feedback","questionnaire, heart rate",h,NA,NA,NA,NA,Virtual Agent,HRI,GOFAI / Empatica e4,NA,NA,Studies the effect of mimicring the inferred affective state of the user by measuring physiological signals,NA,NA,NA,NA,NA,NA,NA,NA,NA,NA,NA,0,0,NA
Ideal Warrior and Robot Relations: Stress and Empathy's Role in Human-Robot Teaming,1,conferencePaper,2019 SYSTEMS AND INFORMATION ENGINEERING DESIGN SYMPOSIUM (SIEDS),2019,US,Human-machine teaming; Human-robot interaction,1,0,NA,NA,NA,NA,NA,NA,none,stress,in-group,"social interaction, stress task",questionnaire,h,NA,NA,NA,NA,Pepper Robot,HRI,Not specified,NA,NA,Studies the effect of stress on empathy towards the robot in a military setting,NA,NA,NA,NA,NA,NA,NA,NA,NA,NA,NA,0,0,NA
Towards a Robot Computational Model to Preserve Dignity in Stigmatizing Patient-Caregiver Relationships,7,conferencePaper,SOCIAL ROBOTICS (ICSR 2015),2015,US,NA,1,0,NA,NA,NA,NA,NA,NA,none,shame,"verbal cues, emotional cues",computational model,computational model,h,NA,NA,NA,NA,None,HRI / Caregivers,GOFAI / Probabilistic model,NA,NA,Introduces a probabilities model for shame and guilt in a patient-caregiver setting to estimate the level of the empathy response necessary in the interaction,NA,NA,NA,NA,NA,NA,NA,NA,NA,NA,NA,0,0,NA
Evaluation of Classifiers for Emotion Detection While Performing Physical and Visual Tasks: Tower of Hanoi and IAPS,0,conferencePaper,"IN℡LIGENT SYSTEMS AND APPLICATIONS, VOL 1",2019,TH;SE;SA;PK;AU,Artificial Neural Networks (ANN); Bayesian Network (BNT); Cognitive psychology; Electroencephalography (EEG); Human Computer Interaction (HCI); K-Nearest Neighbor (KNN); Regression Tree (RT); Support Vector Machine (SVM); Tower of Hanoi (ToH),1,0,Country=authors,NA,NA,NA,NA,NA,none,emotional empathy,biological signal,machine learning,"brain imaging, machine learning","h, R",NA,NA,NA,NA,None,HRI?,"EGG: KNN, RT, BNT, SVM and ANN",NA,NA,Estimating emotional state using EEG,NA,NA,NA,NA,NA,NA,NA,NA,NA,NA,NA,0,0,NA
An Emotion-Based Interaction Strategy to Improve Human-Robot Interaction,4,conferencePaper,PROCEEDINGS OF 13TH LATIN AMERICAN ROBOTICS SYMPOSIUM AND 4TH BRAZILIAN SYMPOSIUM ON ROBOTICS - LARS/SBR 2016,2016,BR,NA,1,0,Country=authors,NA,NA,NA,NA,NA,none,emotional empathy,facial expressions,"game, social interaction",questionnaire,h,NA,NA,NA,NA,Smartphone,HRI,"FER: MLP, SVM, C4.5",NA,NA,Facial emotion recognition to tailor the reply of a virtual agent,NA,NA,NA,NA,NA,NA,NA,NA,NA,NA,NA,0,0,NA
Empathic Interaction using the Computational Emotion Model,5,conferencePaper,2015 IEEE SYMPOSIUM SERIES ON COMPUTATIONAL IN℡LIGENCE (IEEE SSCI),2015,MY,NA,1,0,NA,NA,NA,NA,NA,NA,none,"personality, emotional empathy, arousal","mood, facial expressions","social interaction, behavioral modelling",fuzzy logic,R,NA,NA,NA,NA,Videos,HRI / Computer Vision,GOFAI / FER: Constrained Local Model (CLM) + Viola-Jones cascade classifier + Fuzzy Logic,NA,NA,Facial emotion recognition to generate a empathetic response taking into consideration estimated personality traits and emotional state of the human,NA,NA,NA,NA,NA,NA,NA,NA,NA,NA,NA,0,0,NA
Development of a Cloud-based Computational Framework for an Empathetic Robot,1,conferencePaper,PROCEEDINGS OF 2019 11TH INTERNATIONAL CONFERENCE ON COMPUTER AND AUTOMATION ENGINEERING (ICCAE 2019),2019,AU,cloud control; deep learning; emotion classification; intent perception; robot,1,0,NA,NA,NA,NA,NA,NA,none,emotional empathy,"verbal cues, facial expressions","social interaction, deep learning",deep learning,R,NA,NA,NA,NA,Turtlebot3 robot,HRI / Industry 5.0,Text-based ER: CNN,NA,NA,Estimation of emotional state from Speech used to change the robot behavior in an industrial setting,NA,NA,NA,NA,NA,NA,NA,NA,NA,NA,NA,0,0,NA
Good Robot Design or Machiavellian? An in-the-wild robot leveraging minimal knowledge of passersby's culture,6,conferencePaper,HRI `19: 2019 14TH ACM/IEEE INTERNATIONAL CONFERENCE ON HUMAN-ROBOT INTERACTION,2019,CA,culture; in the wild; persuasive robots; social robots,1,0,Country=authors,NA,NA,NA,NA,NA,none,"adaptability, informational empathy, cultural competence","verbal cues, individual differences, human culture","social interaction, deception","timing measures, questionnaire",h,NA,NA,NA,NA,SAM,HRI,Wizard of Oz,NA,NA,User profiling for custom a more custom dialogue aiming at eliciting empathy towards the robot,NA,NA,NA,NA,NA,NA,NA,NA,NA,NA,NA,0,0,NA
Development of a Pupil Response System with Empathy Expression in Face-to-Face Body Contact,1,conferencePaper,Advances in Intelligent Systems and Computing,2020,JP,NA,1,0,"Same system used in ""A Laughing-driven Pupil Response System for Inducing Empathy"", ""Development of a Pupil Response System with Empathy Expression in Face-to-Face Body Contact"" and ""A pupil response system using hemispherical displays for enhancing affective conveyance""",NA,NA,NA,NA,NA,none,"emotional empathy, touch","body language, verbal cues, vocal cues, biological signal",physical interaction,pupil response,h,NA,NA,NA,NA,Robotic Eye,HRI,GOFAI / Not specified,NA,NA,Studies robotic eye-expression in response to strokes and speech,NA,NA,NA,NA,NA,NA,NA,NA,NA,NA,NA,0,0,NA
Poor Thing! Would You Feel Sorry for a Simulated Robot? A comparison of empathy toward a physical and a simulated robot,74,conferencePaper,PROCEEDINGS OF THE 2015 ACM/IEEE INTERNATIONAL CONFERENCE ON HUMAN-ROBOT INTERACTION (HRI'15),2015,CA,empathy; Human-robot interaction; robot embodiment; simulated interaction,1,0,NA,NA,NA,NA,NA,NA,none,"embodiment, emotional empathy, pain","body language, verbal cues, vocal cues","social interaction, types of embodiment, personal narrative",questionnaire,h,NA,NA,NA,NA,NAO Robot,HRI,Wizard of Oz,NA,NA,Compares the effectiveness of real physical robots versus simulated robots in eliciting empathetic responses,NA,NA,NA,NA,NA,NA,NA,NA,NA,NA,NA,0,0,NA
Evaluation of a Head Motion Synchronization System in the Communicative Process Between Human and Robot,0,conferencePaper,2016 55TH ANNUAL CONFERENCE OF THE SOCIETY OF INSTRUMENT AND CONTROL ENGINEERS OF JAPAN (SICE),2016,JP,Head motion synchronization; human-robot interaction; mutual entrainment,1,0,Country=authors,NA,NA,NA,NA,NA,none,synchrony,body language,"social interaction, role playing","head motion analysis, questionnaire",h,NA,NA,NA,NA,NAO Robot,HRI,GOFAI,NA,NA,Studies nodding (head synchronization) as a mechanism to elicit empathy towards the robot,NA,NA,NA,NA,NA,NA,NA,NA,NA,NA,NA,0,0,NA
An Architecture for Telenoid Robot as Empathic Conversational Android Companion for Elderly People,9,conferencePaper,IN℡LIGENT AUTONOMOUS SYSTEMS 13,2016,IT;JP,Humanoid robot; Humanoid robot interaction; Life support empathic robot; Telenoid,1,0,Country=authors,NA,NA,NA,NA,NA,none,informational empathy,verbal cues,social interaction,machine learning,h,NA,NA,NA,NA,Telenoid,HRI,GOFAI / Dialogue FSM + SVM,NA,NA,Dialogue system which adapts questions to the conversation context,NA,NA,NA,NA,NA,NA,NA,NA,NA,NA,NA,0,0,NA
Study of Empathy on Robot Expression Based on Emotion Estimated from Facial Expression and Biological Signals,2,conferencePaper,2019 28TH IEEE INTERNATIONAL CONFERENCE ON ROBOT AND HUMAN INTERACTIVE COMMUNICATION (RO-MAN),2019,JP,NA,1,0,Country=authors,NA,NA,NA,NA,NA,none,emotional empathy,"facial expressions, biological signal","behavior modelling, facial recognition","heart rate, brain imaging, classification accuracy, timing measures",R,"Timing measures = duration, reaction time, etc",NA,NA,NA,SAM,HRI,FER: OMRON’s OKAO,NA,NA,"Estimating emotional state using EEG, heart rate and facial expressions to tailor the robot’s facial expressions",NA,NA,NA,NA,NA,NA,NA,NA,NA,NA,NA,0,0,NA
Emotional Bodily Expressions for Culturally Competent Robots through Long Term Human-Robot Interaction,11,conferencePaper,2018 IEEE/RSJ INTERNATIONAL CONFERENCE ON IN℡LIGENT ROBOTS AND SYSTEMS (IROS),2018,JP;EU,NA,1,0,NA,NA,NA,NA,NA,NA,none,"emotional empathy, cultural competence","facial expressions, body language, individual differences, human culture","behavior modelling, machine learning",machine learning,R,NA,NA,NA,NA,Pepper Robot,HRI,BER: SOM+,NA,NA,Customizes body expression overtime and capture personal and cultural differences in emotion expression,NA,NA,NA,NA,NA,NA,NA,NA,NA,NA,NA,0,0,NA
Incremental Learning of Human Emotional Behavior for Social Robot Emotional Body Expression,1,conferencePaper,2018 15TH INTERNATIONAL CONFERENCE ON UBIQUITOUS ROBOTS (UR),2018,JP;EU,NA,1,0,NA,NA,NA,NA,NA,NA,none,emotional empathy,body language,"behavior modelling, machine learning",machine learning,R,NA,NA,NA,NA,Pepper Robot,HRI,BER: SOM+,NA,NA,Customizes body expression overtime and capture personal and cultural differences in emotion expression,NA,NA,NA,NA,NA,NA,NA,NA,NA,NA,NA,0,0,NA
Building a Collaborative Relationship between Human and Robot through Verbal and Non-Verbal Interaction,0,conferencePaper,Companion of the 2021 ACM/IEEE International Conference on Human-Robot Interaction,2021,JP,NA,1,0,Country=authors,NA,NA,NA,NA,NA,none,"emotional empathy, animism, personality","body language, verbal cues, vocal cues, eye contact",social interaction,"questionnaire, behavioral observation",h,NA,NA,NA,NA,Cozmo Robot,HRI,GOFAI,NA,NA,Studies non-verbal communication as a mechanism to improve interaction,NA,NA,NA,NA,NA,NA,NA,NA,NA,NA,NA,0,0,NA
Real-time convolutional neural networks for emotion and gender classification,161,conferencePaper,"ESANN 2019 - Proceedings, 27th European Symposium on Artificial Neural Networks, Computational Intelligence and Machine Learning",2019,DE,NA,1,0,Country=authors,NA,NA,NA,NA,NA,none,emotional empathy,"facial expression, gender",machine learning,machine learning,R,NA,NA,NA,NA,Images,Computer Vision,FER: CNN,NA,NA,Gender and emotion recognition,NA,NA,NA,NA,NA,NA,NA,NA,NA,NA,NA,1,1,NA
He who hesitates is lost (...in thoughts over a robot),10,conferencePaper,"PROCEEDINGS OF THE TECHNOLOGY, MIND, AND SOCIETY CONFERENCE (TECHMINDSOCIETY'18)",2018,US,Anthropomorphism; Empathy; Human Machine Team; Robotics; User Study,1,0,"Country=authors; Looks very much like ""Band of Brothers and Bolts: Caring About Your Robot Teammate""",NA,NA,NA,NA,NA,none,"sustained empathy, pain",behavioral threshold,"personal narrative, game",behavioral threshold,h,NA,NA,NA,NA,Virtual Agent,HRI / Game,GOFAI,NA,NA,Studies the effect of back story narrative in the perception of the robot as social agent,NA,NA,NA,NA,NA,NA,NA,NA,NA,NA,NA,0,0,NA
Band of Brothers and Bolts: Caring About Your Robot Teammate,3,conferencePaper,2018 IEEE/RSJ INTERNATIONAL CONFERENCE ON IN℡LIGENT ROBOTS AND SYSTEMS (IROS),2018,US,NA,1,0,"Country=authors; Looks very much like ""He who hesitates is lost (...in thoughts over a robot)""",NA,NA,NA,NA,NA,none,"pain, adaptability",behavioral threshold,"personal narrative, game",behavioral threshold,h,NA,NA,NA,NA,Virtual Agent,HRI / Game,GOFAI,NA,NA,Studies the effect of back story narrative in the perception of the robot as social agent,NA,NA,NA,NA,NA,NA,NA,NA,NA,NA,NA,0,0,NA
A New Chatbot for Customer Service on Social Media,299,conferencePaper,PROCEEDINGS OF THE 2017 ACM SIGCHI CONFERENCE ON HUMAN FACTORS IN COMPUTING SYSTEMS (CHI'17),2017,US,Chatbot; customer service; deep learning; social media,1,0,Country=authors,NA,NA,NA,NA,NA,none,"emotional empathy, informational empathy",verbal cues,customer service,deep learning,R,NA,NA,NA,NA,Virtual Agent,Customer Service,Text-based ER: Word2vec + LSTM,NA,NA,Adjust responses to tweets based on emotionally-laden words,NA,NA,NA,NA,NA,NA,NA,NA,NA,NA,NA,0,0,NA
Personality traits assessment using P.A.D. Emotional space in human-robot interaction,0,conferencePaper,"VISIGRAPP 2021 - Proceedings of the 16th International Joint Conference on Computer Vision, Imaging and Computer Graphics Theory and Applications",2021,DE,NA,1,0,NA,NA,NA,NA,NA,NA,none,"adaptability, personality","verbal cues, context",role playing,machine learning,R,NA,NA,NA,NA,ROBIN robot,HRI / Psychology,GOFAI / FER Not specified,NA,NA,Personality Traits Assessment using a robot with different back stories,NA,NA,NA,NA,NA,NA,NA,NA,NA,NA,NA,0,0,NA
User Experience Study: The Service Expectation of Hotel Guests to the Utilization of AI-Based Service Robot in Full-Service Hotels,5,conferencePaper,Lecture Notes in Computer Science (including subseries Lecture Notes in Artificial Intelligence and Lecture Notes in Bioinformatics),2019,CN,NA,1,0,Country=authors,NA,NA,NA,NA,NA,none,emotional empathy,individual differences,customer service,questionnaire,h,NA,NA,NA,NA,Robotic Hotel / Smart Environment,Customer Service,Not Applicable,NA,NA,Studies how different demographics interact with smart devices in an hotel setting,NA,NA,NA,NA,NA,NA,NA,NA,NA,NA,NA,0,0,NA
Affective Embodied Agents and Their Effect on Decision Making,0,journalArticle,Proceedings,2019,MX,embodied agents; emotion recognition; game theory; avatars; social robots,1,0,NA,NA,NA,NA,NA,NA,none,"embodiment, emotional empathy","biological signal, decision",game,"galvanic skin response, heart rate, decision outcome",h,NA,NA,NA,NA,Eva Robot / Avatar,HRI,Google Speech and IBM Watson,NA,NA,"Studies the effect of embodiment on game dynamics, results are to some extend explain by empathy",NA,NA,NA,NA,NA,NA,NA,NA,NA,NA,NA,0,0,NA
"You Look Human, But Act Like a Machine: Agent Appearance and Behavior Modulate Different Aspects of Human-Robot Interaction",49,journalArticle,FRONTIERS IN PSYCHOLOGY,2017,US,human-robot interaction; intentionality; mind perception; social cognition; social robotics,1,0,NA,NA,NA,NA,NA,NA,none,"embodiment, emotional empathy, synchrony","superficial appearance, body language",social interaction,"gaze, timing measures",h,NA,NA,NA,NA,Images,HRI?,Not Applicable,NA,NA,Studies human versus robot cueing for gaze following,NA,NA,NA,NA,NA,NA,NA,NA,NA,NA,NA,0,0,NA
Empathic Robot for Group Learning: A Field Study,28,journalArticle,ACM TRANSACTIONS ON HUMAN-ROBOT INTERACTION,2019,PT;US;EU,collaborative learning; education; empathy; group learning; human-robot interaction; learning gains; Social robotics,1,0,NA,NA,NA,NA,NA,NA,"DEF: emotional empathy, informational empathy (See section 2.3)","emotional empathy, informational empathy",group behavior,"social interaction, pedagogical task, game","behavioral observation, learning outcomes",h,NA,NA,NA,NA,NAO Robot,HRI,Wizard of Oz + ML Behaviour Not specified,NA,NA,"Studies the effect of robot tutors, the robot detects the emotional climate and acts accordingly, the empathetic module seems to be described in another article",NA,NA,NA,NA,NA,NA,NA,NA,NA,NA,NA,0,0,NA
Development and Testing of Psychological Conflict Resolution Strategies for Assertive Robots to Resolve Human-Robot Goal Conflict,0,journalArticle,FRONTIERS IN ROBOTICS AND AI,2021,DE,acceptance; HRI strategies; persuasive robots; robot assertiveness; trust; user compliance,1,0,NA,NA,NA,NA,NA,NA,none,"conflict resolution, emotional empathy, manners","verbal cues, body language, mood, superficial appearance",behavior modelling,questionnaire,h,questionnaire may include scalar ratings (eg within an experiment) or a form completed before/after the experiment,NA,NA,NA,Videos,HRI,Not Applicable,NA,NA,"Studies different conflict resolution (trajectory planning in shared spaces) strategies, tested with multiple embodiments but presented via videos.",NA,NA,NA,NA,NA,NA,NA,NA,NA,NA,NA,1,0,NA
An Autonomous Cognitive Empathy Model Responsive to Users' Facial Emotion Expressions,2,journalArticle,ACM TRANSACTIONS ON INTERACTIVE IN℡LIGENT SYSTEMS,2020,EU;BE,adaptive interaction; Empathy; facial emotion detection; human robot interaction; non-verbal behavior; social robots,1,0,NA,NA,NA,NA,NA,NA,DEF: affective (ie emotional) and cognitive empathy; section 1.1 is dedicated to defining empathy,"emotional empathy, perspective taking, emotional intelligence","facial expressions, body language, verbal cues",social interaction,questionnaire,h,NA,NA,NA,NA,Pepper Robot,HRI,GOFAI / FER: OpenFace + SAE + Wizard of Oz,NA,NA,Implements an architecture for facial emotion recognition and generation of mimicry and selection of pre-determined speech patterns,NA,NA,NA,NA,NA,NA,NA,NA,NA,NA,NA,0,0,NA
A Reinforcement Learning Based Cognitive Empathy Framework for Social Robots,0,journalArticle,INTERNATIONAL JOURNAL OF SOCIAL ROBOTICS,2020,BE,Empathy; Human-robot interaction; Personality; Reinforcement learning; Social robot,1,0,NA,NA,NA,NA,NA,NA,none,cognitive empathy,"facial expressions, mimicry, verbal cues","machine learning, social interaction",questionnaire,h,NA,NA,NA,NA,Pepper Robot,HRI,FER: OpenFace + SAE; Behaviour: RL; Speech: Google Speech API,NA,NA,Implements a systems that reacts to facial emotion expressions and adapts its response behavior overtime,NA,NA,NA,NA,NA,NA,NA,NA,NA,NA,NA,0,0,NA
Socially grounded game strategy enhances bonding and perceived smartness of a humanoid robot,11,journalArticle,CONNECTION SCIENCE,2018,NL,combining social and game strategy; Economic game strategies for robots; engagement robot/computer; long-term relations with robots,1,0,NA,NA,NA,NA,NA,NA,none,"sustained empathy, intelligence, cognitive empathy",strategy behaviors,game,"gaze, observed behavior, questionnaire",h,NA,NA,NA,NA,NAO Robot,HRI,GOFAI,NA,NA,"Studies the effect of embodiment in board games, robot versus screen",NA,NA,NA,NA,NA,NA,NA,NA,NA,NA,NA,0,0,NA
"Exploring Teens as Robot Operators, Users and Witnesses in the Wild",2,journalArticle,FRONTIERS IN ROBOTICS AND AI,2020,US,adolescence; empathy; human-centered design; mental health; participatory; social robots; Wizard of Oz,1,0,NA,NA,NA,NA,NA,NA,none,"embodiment, emotional empathy","verbal cues, body language","naturalistic, social interaction",questionnaire,h,NA,NA,NA,NA,EMAR,HRI,Wizard of Oz,NA,NA,NA,NA,NA,NA,NA,NA,NA,NA,NA,NA,NA,NA,0,0,"GDPR reasons, ask for dataset"
Perceived Mistreatment and Emotional Capability Following Aggressive Treatment of Robots and Computers,5,journalArticle,INTERNATIONAL JOURNAL OF SOCIAL ROBOTICS,2019,US,Human-robot cooperation; Human-robot interaction; Mistreatment; Perception,1,0,NA,NA,NA,NA,NA,NA,none,"pain, embodiment","group behavior, behavioral threshold, superficial appearance",social interaction,questionnaire,h,NA,NA,NA,NA,NAO / AVATAR,HRI,Wizard of Oz,NA,NA,NA,NA,NA,NA,NA,NA,NA,NA,NA,NA,NA,NA,0,0,NA
EEG based functional connectivity analysis of human pain empathy towards humans and robots,0,journalArticle,NEUROPSYCHOLOGIA,2021,CN,EEG; Empathy; Empathy index; Functional connectivity; Human-robot interaction; Mutual information,1,0,NA,NA,NA,NA,NA,NA,none,"pain, embodiment",biological signal,pain study,brain imaging,h,NA,NA,NA,NA,Images,HRI?,EEG statistical analyses,NA,NA,NA,NA,NA,NA,NA,NA,NA,NA,NA,NA,NA,NA,0,0,NA
Creation and Staging of Android Theatre “Sayonara” towards Developing Highly Human-Like Robots,8,journalArticle,FUTURE INTERNET,2017,JP,android theatre; contemporary colloquial theatre theory; robot theatre; social robots,1,0,NA,NA,NA,NA,NA,NA,none,"embodiment, animism","superficial appearance, vocal cues, verbal cues, body language, facial expression, human culture",AI artistic performance,questionnaire,h,NA,NA,NA,NA,Geminoid,HRI / Entertainment Industry,Wizard of Oz,NA,NA,NA,NA,NA,NA,NA,NA,NA,NA,NA,NA,NA,NA,0,0,NA
A study on the potential roles of a robot peer in socio-emotional development of children,1,journalArticle,International Journal of Computational Vision and Robotics,2017,KR,emotional intelligence; r-learning; robot mediation; educational robot,1,0,Country=authors,NA,NA,NA,NA,NA,none,"emotional intelligence, sociability","verbal cues, body language","pedagogical task, emotion regulation task",questionnaire,h,NA,NA,NA,NA,Custom,HRI / Therapy / Education,Wizard of Oz,NA,NA,NA,NA,NA,NA,NA,NA,NA,NA,NA,NA,NA,NA,0,0,NA
Consciousnes-based emotion and behavior of pet robot with brain-inspired method,0,journalArticle,Information (Japan),2017,JP,Human-robot interaction;Emotional intelligence;CBA,1,0,Country=authors,NA,NA,NA,NA,NA,none,"emotional intelligence, sociability, manners","superficial appearance, facial expression, body language","machine learning, behavior modelling","machine learning, gaze",R,NA,NA,NA,NA,Conbe Robot,HRI,Cognitive Architecture / GOFAI / TopoART + FER: Constrained Local Model (CLM) + HMM,NA,NA,NA,NA,NA,NA,NA,NA,NA,NA,NA,NA,NA,NA,0,0,NA
Intelligent emotion and behavior based on topological consciousness and adaptive resonance theory in a companion robot,14,journalArticle,BIOLOGICALLY INSPIRED COGNITIVE ARCHITECTURES,2016,JP,Behavior; Companion robot; Consciousness based architecture; Emotional intelligence; Human-robot interaction,1,0,NA,NA,NA,NA,NA,NA,none,emotional intelligence,facial expression,"machine learning, behavior modelling, social interaction",machine learning,R,NA,NA,NA,NA,Conbe Robot,HRI,Cognitive Architecture / GOFAI / TopoART + FER: Constrained Local Model (CLM) + HMM,NA,NA,NA,NA,NA,NA,NA,NA,NA,NA,NA,NA,NA,NA,0,0,NA
Gesture design attribute and level value of social robot: A user experience based study,NA,journalArticle,Journal of System and Management Sciences,2020,KR,Social Robot; gesture Interface; design attribute and level value;user experience,1,0,NA,NA,NA,NA,NA,NA,none,"sociability, emotional empathy, informational empathy","body language, mood",social interaction,questionnaire,h,NA,NA,NA,NA,Images,HRI,Not Applicable,NA,NA,NA,NA,NA,NA,NA,NA,NA,NA,NA,NA,NA,NA,0,0,NA
A neurocognitive investigation of the impact of socializing with a robot on empathy for pain,20,journalArticle,PHILOSOPHICAL TRANSACTIONS OF THE ROYAL SOCIETY B-BIOLOGICAL SCIENCES,2019,EU,empathy; experience-dependent plasticity; fMRI; human-robot interaction; social cognition; social robotics,1,0,NA,NA,NA,NA,NA,NA,none,"adaptability, sociability, emotional empathy, pain",biological signal,"social interaction, pain study",brain imaging,h,NA,NA,NA,NA,Images / Images Cozmo Robot,HRI,Not Applicable,NA,NA,NA,NA,NA,NA,NA,NA,NA,NA,NA,NA,NA,NA,1,0,NA
Simulating empathic behavior in a social assistive robot,18,journalArticle,MULTIMEDIA TOOLS AND APPLICATIONS,2017,IT,Affective computing; Empathy; Social assistive robots,1,0,NA,NA,NA,NA,NA,NA,none,emotional empathy,"verbal cues, facial expressions","behavior modelling, machine learning, social interaction",questionnaire,"h, R",NA,NA,NA,NA,NAO Robot,HRI,"FER: Viola Jones+SIFT+Random Forest, Speech: VOCE, Reasoning: Dynamic Belief Networks (DBNs)",NA,NA,NA,NA,NA,NA,NA,NA,NA,NA,NA,NA,NA,NA,0,0,Ask for dataset
"Leveraging human-robot interaction in hospitality services: Incorporating the role of perceived value, empathy, and information sharing into visitors' intentions to use social robots",29,journalArticle,TOURISM MANAGEMENT,2020,FR;UK;SG,Artificial intelligence; Hospitality services; Human-robot interaction; Intention to use robots; Social robots,1,0,Country=authors,NA,NA,NA,NA,NA,none,"emotional empathy, informational empathy","information sharing, verbal cues",social interaction,"interviews, questionnaire",h,NA,NA,NA,NA,Images,HRI / Customer Service,Not Applicable,NA,NA,NA,NA,NA,NA,NA,NA,NA,NA,NA,NA,NA,NA,0,0,NA
Ordered interpersonal synchronisation in ASD children via robots,0,journalArticle,SCIENTIFIC REPORTS,2020,AU;JP,NA,1,0,Country=authors,NA,NA,NA,NA,NA,NA,NA,NA,NA,NA,NA,NA,NA,NA,NA,Pekoppa Robot,HRI / ASD,GOFAI / Not specified,NA,NA,NA,NA,NA,NA,NA,NA,NA,NA,NA,NA,NA,NA,0,0,NA
Emotional Empathy as a Mechanism of Synchronisation in Child-Robot Interaction,8,journalArticle,FRONTIERS IN PSYCHOLOGY,2018,FR;JP,child; emotional empathy; heart rate; interactor robot; synchronisation,1,0,NA,NA,NA,NA,NA,NA,NA,NA,NA,NA,NA,NA,NA,NA,NA,NA,Pekoppa Robot,HRI,GOFAI / Not specified,NA,NA,NA,NA,NA,NA,NA,NA,NA,NA,NA,NA,NA,NA,0,0,NA
Amygdala-Inspired Affective Computing: to Realize Personalized Intracranial Emotions with Accurately Observed External Emotions,6,journalArticle,CHINA COMMUNICATIONS,2019,CN,affective computing; emotion recognition; external emotions; intracranial emotions; personalized machines,1,0,NA,NA,NA,NA,NA,NA,NA,NA,NA,NA,NA,NA,NA,NA,NA,NA,Images,Computer Vision / Computation Model,FER: Perception: Compressed CNN + Action: MLP,NA,NA,NA,NA,NA,NA,NA,NA,NA,NA,NA,NA,NA,NA,0,0,NA
Examining young children's perception toward augmented reality-infused dramatic play,120,journalArticle,ETR&D-EDUCATIONAL TECHNOLOGY RESEARCH AND DEVELOPMENT,2015,KR,Augmented reality; Dramatic play; Educational robot,1,0,NA,NA,NA,NA,NA,NA,NA,NA,NA,NA,NA,NA,NA,NA,NA,NA,iROBIQ Robot,HRI / Education,GOFAI / Preprogrammed,NA,NA,Robot-mediated Augmented reality (AR),NA,NA,NA,NA,NA,NA,NA,NA,NA,NA,NA,0,0,NA
"Perspective-Taking of Non-Player Characters in Prosocial Virtual Reality Games: Effects on Closeness, Empathy, and Game Immersion",0,journalArticle,BEHAVIOUR & INFORMATION TECHNOLOGY,2020,HK,digital games; empathy; Perspective taking; prosocial games; virtual reality,1,0,Country=authors,NA,NA,NA,NA,NA,NA,NA,NA,NA,NA,NA,NA,NA,NA,NA,VR / Avatar,HRI / Gaming,Not Applicable,NA,NA,NA,NA,NA,NA,NA,NA,NA,NA,NA,NA,NA,NA,0,0,NA
Empathetic Speech Synthesis and Testing for Healthcare Robots,0,journalArticle,INTERNATIONAL JOURNAL OF SOCIAL ROBOTICS,2020,NZ,Artificial empathy; Emotional speech synthesis; Healthcare; Prosody modelling; Social robots,1,0,NA,NA,NA,NA,NA,NA,NA,NA,NA,NA,NA,NA,NA,NA,NA,NA,iROBIQ Robot,HRI / Healthcare,Wizard of Oz / Emotion-laden Speech synthesis via GOFAI,NA,NA,NA,NA,NA,NA,NA,NA,NA,NA,NA,NA,NA,NA,0,0,NA
The Effect of Robot Attentional Behaviors on User Perceptions and Behaviors in a Simulated Health Care Interaction: Randomized Controlled Trial,8,journalArticle,JOURNAL OF MEDICAL INTERNET RESEARCH,2019,KR,engagement; health care robotics; robotics; social intelligence; social interaction,1,0,NA,NA,NA,NA,NA,NA,NA,NA,NA,NA,NA,NA,NA,NA,NA,NA,NAO Robot,HRI / Healthcare,GOFAI / Preprogrammed,NA,NA,NA,NA,NA,NA,NA,NA,NA,NA,NA,NA,NA,NA,0,0,NA
"Differential Facial Articulacy in Robots and Humans Elicit Different Levels of Responsiveness, Empathy, and Projected Feelings",0,journalArticle,ROBOTICS,2020,NL,empathy; experiment; facial expression; human-robot communication; social robots; user response,1,0,NA,NA,NA,NA,NA,NA,NA,NA,NA,NA,NA,NA,NA,NA,NA,NA,Videos NAO & Alice,HRI,GOFAI / Preprogrammed,NA,NA,NA,NA,NA,NA,NA,NA,NA,NA,NA,NA,NA,NA,0,0,NA
Seeing the mind of robots: Harm augments mind perception but benevolent intentions reduce dehumanisation of artificial entities in visual vignettes,1,journalArticle,INTERNATIONAL JOURNAL OF PSYCHOLOGY,2020,PL;DE,Benevolent intentions; Dehumanisation; Mind perception; Moral typecasting theory; Robots,1,0,NA,NA,NA,NA,NA,NA,NA,NA,NA,NA,NA,NA,NA,NA,NA,NA,Avatars,HRI,Not Applicable,NA,NA,NA,NA,NA,NA,NA,NA,NA,NA,NA,NA,NA,NA,0,0,NA
Impact of human-robot interaction on user satisfaction with humanoid-based healthcare,0,journalArticle,International Journal of Engineering and Technology(UAE),2018,KR,Humanoid; Human-Robot Interaction; Health-Care Robot; User Satisfaction; Heterogeneity,1,0,Country=authors,NA,NA,NA,NA,NA,NA,NA,NA,NA,NA,NA,NA,NA,NA,NA,NAO Robot,HRI / Healthcare,GOFAI / Preprogrammed,NA,NA,NA,NA,NA,NA,NA,NA,NA,NA,NA,NA,NA,NA,0,0,NA
"A Recipe for Empathy Integrating the Mirror System, Insula, Somatosensory Cortex and Motherese",27,journalArticle,INTERNATIONAL JOURNAL OF SOCIAL ROBOTICS,2015,JP,Developmental robotics; Emotional contagion based on SIRE model; MEI robot; Robot empathy,1,0,Country=authors,NA,NA,NA,NA,NA,NA,NA,NA,NA,NA,NA,NA,NA,NA,NA,NAO Robot,Modeling,Emotional long-term memory: GMM + GOFAI,NA,NA,homeostasis- and interaction-based empathy,NA,NA,NA,NA,NA,NA,NA,NA,NA,NA,NA,0,0,NA
Can You Read My Face? A Methodological Variation for Assessing Facial Expressions of Robotic Heads,13,journalArticle,INTERNATIONAL JOURNAL OF SOCIAL ROBOTICS,2015,EU,Facial expressions; Human-robot interaction; Robot emotions; Social robots,1,0,NA,NA,NA,NA,NA,NA,NA,NA,NA,NA,NA,NA,NA,NA,NA,NA,Videos EDDIE & IURO,HRI,GOFAI / Preprogrammed,NA,NA,NA,NA,NA,NA,NA,NA,NA,NA,NA,NA,NA,NA,0,0,NA
"Attachment styles moderate customer responses to frontline service robots: Evidence from affective, attitudinal, and behavioral measures",0,journalArticle,PSYCHOLOGY & MARKETING,2021,IT;NL,anthropomorphism; attachment styles; empathy; service robots; social response,1,0,Country=authors,NA,NA,NA,NA,NA,NA,NA,NA,NA,NA,NA,NA,NA,NA,NA,Videos,HRI,Not Applicable,NA,NA,NA,NA,NA,NA,NA,NA,NA,NA,NA,NA,NA,NA,0,0,Ask for dataset
A Computation Model for Learning Programming and Emotional Intelligence,0,journalArticle,IEEE ACCESS,2020,PK,basic programming; Computational modeling; Education; Emotional intelligence; Programming profession; Robots; robots based learning; screen-free interface; Sequential analysis; Tools,1,0,Country=authors,NA,NA,NA,NA,NA,NA,NA,NA,NA,NA,NA,NA,NA,NA,NA,Cozmo Robot,HRI / Education,Not Applicable,NA,NA,NA,NA,NA,NA,NA,NA,NA,NA,NA,NA,NA,NA,0,0,NA
“Hit the Robot on the Head With This Mallet” - Making a Case for Including More Open Questions in HRI Research,0,journalArticle,FRONTIERS IN ROBOTICS AND AI,2021,EU;UK,empathy; human- robot interaction; prosocial behaviour; qualitative research; social perception; social robotics,1,0,NA,NA,NA,NA,NA,NA,NA,NA,NA,NA,NA,NA,NA,NA,NA,NA,Pepper Robot,HRI,GOFAI / Preprogrammed / Wizard of Oz,NA,NA,NA,NA,NA,NA,NA,NA,NA,NA,NA,NA,NA,NA,1,1,NA
The Role of Personality Factors and Empathy in the Acceptance and Performance of a Social Robot for Psychometric Evaluations,2,journalArticle,ROBOTICS,2020,EU;IT,empathy; human friendly cognitive robotics; personality factors; psychometric evaluation; social assistive robots; technology acceptance,1,0,NA,NA,NA,NA,NA,NA,NA,NA,NA,NA,NA,NA,NA,NA,NA,NA,Pepper Robot,HRI / Therapy,GOFAI / Not specified,NA,NA,NA,NA,NA,NA,NA,NA,NA,NA,NA,NA,NA,NA,0,0,NA
Affective and Engagement Issues in the Conception and Assessment of a Robot-Assisted Psychomotor Therapy for Persons with Dementia,17,journalArticle,FRONTIERS IN PSYCHOLOGY,2017,FR,control software; dementia; engagement; geriatrics; psychomotor therapy; social robots,1,0,NA,NA,NA,NA,NA,NA,NA,NA,NA,NA,NA,NA,NA,NA,NA,NA,NAO Robot,HRI / Therapy,Wizard of Oz,NA,NA,NA,NA,NA,NA,NA,NA,NA,NA,NA,NA,NA,NA,0,0,NA
Probabilistic Social Behavior Analysis by Exploring Body Motion-Based Patterns,17,journalArticle,IEEE TRANSACTIONS ON PATTERN ANALYSIS AND MACHINE IN℡LIGENCE,2016,PT;SA,Bayesian approach; frequency domain; human movement analysis; social role; Social signal processing,1,0,NA,NA,NA,NA,NA,NA,NA,NA,NA,NA,NA,NA,NA,NA,NA,NA,Videos,Computer Vision,Bayesian Programming,NA,NA,NA,NA,NA,NA,NA,NA,NA,NA,NA,NA,NA,NA,0,0,NA
Vocal Synchrony of Robots Boosts Positive Affective Empathy,0,journalArticle,Applied Sciences,2021,JP,human–robot interaction; affective empathy; nonverbal synchrony; prosodic features,1,0,NA,NA,NA,NA,NA,NA,NA,NA,NA,NA,NA,NA,NA,NA,NA,NA,NAO Robot,HRI,GOFAI / Speech recognition: Julius + SPTK; sppech synthesis: VoiceText,NA,NA,NA,NA,NA,NA,NA,NA,NA,NA,NA,NA,NA,NA,0,0,NA
Embodiment matters: toward culture-specific robotized counselling,0,journalArticle,Journal of Reliable Intelligent Environments,2020,JP,Counselling robot; Social movements; Nodding (Unazuki); Dialog promotion; Implementation;Evaluation,1,0,NA,NA,NA,NA,NA,NA,NA,NA,NA,NA,NA,NA,NA,NA,NA,NA,Custom Robot,HRI / Counseling,Chatbot: GOFAI / Fuzzy Logic / google Speech API / NGINX,NA,NA,NA,NA,NA,NA,NA,NA,NA,NA,NA,NA,NA,NA,0,0,NA
A pupil response system using hemispherical displays for enhancing affective conveyance,2,journalArticle,JOURNAL OF ADVANCED MECHANICAL DESIGN SYSTEMS AND MANUFACTURING,2019,JP,Empathy; Human interface; Human-robot interaction design; Kansei and affective engineering; Media representation; Pupil response,1,0,"Same system used in ""A Laughing-driven Pupil Response System for Inducing Empathy"", ""Development of a Pupil Response System with Empathy Expression in Face-to-Face Body Contact"" and ""A pupil response system using hemispherical displays for enhancing affective conveyance""",NA,NA,NA,NA,NA,NA,NA,NA,NA,NA,NA,NA,NA,NA,NA,Robotic Eye,HRI,GOFAI / Not specified,NA,NA,NA,NA,NA,NA,NA,NA,NA,NA,NA,NA,NA,NA,0,0,NA
Deep learning-based facial expression recognition and analysis for filipino gamers,0,journalArticle,International Journal of Recent Technology and Engineering,2019,PH,deep learning; gamer facial expression; emotion recognition; Inception network; LSTM,1,0,Country=authors,NA,NA,NA,NA,NA,NA,NA,NA,NA,NA,NA,NA,NA,NA,NA,Videos,Computer Vision,FER: CNN + LSTM,NA,NA,NA,NA,NA,NA,NA,NA,NA,NA,NA,NA,NA,NA,0,0,NA
Measuring empathy for human and robot hand pain using electroencephalography,98,journalArticle,SCIENTIFIC REPORTS,2015,JP,NA,1,0,NA,NA,NA,NA,NA,NA,NA,NA,NA,NA,NA,NA,NA,NA,NA,NA,Images,HRI / Psychology,Not Applicable,NA,NA,NA,NA,NA,NA,NA,NA,NA,NA,NA,NA,NA,NA,0,0,NA
Avatars in Pain: Visible Harm Enhances Mind Perception in Humans and Robots,8,journalArticle,PERCEPTION,2018,PL,anthropomorphism; empathy; harm; mind perception; pain; robots,1,0,NA,NA,NA,NA,NA,NA,NA,NA,NA,NA,NA,NA,NA,NA,NA,NA,Images,HRI / Psychology,Not Applicable,NA,NA,NA,NA,NA,NA,NA,NA,NA,NA,NA,NA,NA,NA,0,0,NA
Testing Empathy with Robots: A Model in Four Dimensions and Sixteen Items,12,journalArticle,INTERNATIONAL JOURNAL OF SOCIAL ROBOTICS,2015,FR,Auto-empathy; Direct empathy; Empathy with robots; Human-robot interaction; Intersubjective empathy; Psychology; Reciprocal empathy,1,0,NA,NA,NA,NA,NA,NA,NA,NA,NA,NA,NA,NA,NA,NA,NA,NA,Questionaire,HRI / Psychology,Not Applicable,NA,NA,NA,NA,NA,NA,NA,NA,NA,NA,NA,NA,NA,NA,0,0,NA
Fake Empathy and Human-Robot Interaction (HRI): A Preliminary Study,6,journalArticle,INTERNATIONAL JOURNAL OF TECHNOLOGY AND HUMAN INTERACTION,2018,ES;JP;UK,Emotions; Empathy; Fake; HRI; Human-Robot Interaction; Robots; WOZ,1,0,Country=authors,NA,NA,NA,NA,NA,NA,NA,NA,NA,NA,NA,NA,NA,NA,NA,NAO Robot,HRI / Psychology,Wizard of Oz,NA,NA,NA,NA,NA,NA,NA,NA,NA,NA,NA,NA,NA,NA,0,0,NA
Embodiment into a robot increases its acceptability,9,journalArticle,SCIENTIFIC REPORTS,2019,FR,NA,1,0,NA,NA,NA,NA,NA,NA,NA,NA,NA,NA,NA,NA,NA,NA,NA,NA,VR / iCub / Reeti,HRI / Psychology,Wizard of Oz,NA,NA,NA,NA,NA,NA,NA,NA,NA,NA,NA,NA,NA,NA,0,0,NA
Emotional Empathy Model for Robot Partners Using Recurrent Spiking Neural Network Model with Hebbian-LMS Learning,12,journalArticle,MALAYSIAN JOURNAL OF COMPUTER SCIENCE,2017,JP,Conversation System; Emotional Empathy Model; Hebbian-LMS Learning; Recurrent Spiking Neural Network; Robot Partner,1,0,Country=authors,NA,NA,NA,NA,NA,NA,NA,NA,NA,NA,NA,NA,NA,NA,NA,iPhonoid-C,HRI,Chatbot: GOFAI; FE: Fuzzy Logic; EM: GOFAI + recurrent spike model,NA,NA,NA,NA,NA,NA,NA,NA,NA,NA,NA,NA,NA,NA,0,0,NA
A computational model of empathy for interactive agents,18,journalArticle,BIOLOGICALLY INSPIRED COGNITIVE ARCHITECTURES,2018,CA,Affective computing; Conversational agents; Empathy,1,0,Country=authors,NA,NA,NA,NA,NA,NA,NA,NA,NA,NA,NA,NA,NA,NA,NA,NA,Review / Position paper,NA,NA,NA,NA,NA,NA,NA,NA,NA,NA,NA,NA,NA,NA,NA,0,0,NA
Teach your robot how you want it to express emotions: On the personalized affective human-humanoid interaction,0,bookChapter,Advances in Intelligent Systems and Computing,2015,SK,NA,1,0,NA,NA,NA,NA,NA,NA,NA,NA,NA,NA,NA,NA,NA,NA,NA,NA,NAO Robot,HRI,GOFAI / Speech recognition: Microsoft; GR: ARTMAP-like ANN Fuzzy logic,NA,NA,NA,NA,NA,NA,NA,NA,NA,NA,NA,NA,NA,NA,0,0,NA
Increasing Engagement with Chameleon Robots in Bartending Services,0,conferencePaper,2020 29TH IEEE INTERNATIONAL CONFERENCE ON ROBOT AND HUMAN INTERACTIVE COMMUNICATION (RO-MAN),2020,IT,NA,1,0,NA,NA,NA,NA,NA,NA,NA,NA,NA,NA,NA,NA,NA,NA,NA,NA,Pepper Robot,HRI / Customer Service,"GR: Not specified, classification of Gesture using NCC",NA,NA,NA,NA,NA,NA,NA,NA,NA,NA,NA,NA,NA,NA,0,0,NA
Towards Metrics of Evaluation of Pepper Robot as a Social Companion for the Elderly,15,conferencePaper,ADVANCED SOCIAL INTERACTION WITH AGENTS,2019,FR;TR;BE,Data collection; Elderly end-users; Evaluation; Human-Robot Interaction; Metrics,1,0,NA,NA,NA,NA,NA,NA,NA,NA,NA,NA,NA,NA,NA,NA,NA,NA,NAO and Pepper Robot,HRI,NAO = Wizard of Oz; Pepper: GOFAI / ASR: SVM,NA,NA,NA,NA,NA,NA,NA,NA,NA,NA,NA,NA,NA,NA,0,0,NA
Towards a Multimodal Time-Based Empathy Prediction System,1,conferencePaper,2019 14TH IEEE INTERNATIONAL CONFERENCE ON AUTOMATIC FACE AND GESTURE RECOGNITION (FG 2019),2019,ES;UK,NA,1,0,Country=authors,NA,NA,NA,NA,NA,NA,NA,NA,NA,NA,NA,NA,NA,NA,NA,Video Dataset,Machine Learning / HRI,Audio: GRU; Text; LSTM; Video; CNNs,NA,NA,NA,NA,NA,NA,NA,NA,NA,NA,NA,NA,NA,NA,0,0,NA
DYNECOM: Augmenting Empathy in VR with Dyadic Synchrony Neurofeedback,3,conferencePaper,PROCEEDINGS OF THE 52ND ANNUAL HAWAII INTERNATIONAL CONFERENCE ON SYSTEM SCIENCES,2019,FI,NA,1,0,Country=authors,NA,NA,NA,NA,NA,NA,NA,NA,NA,NA,NA,NA,NA,NA,NA,Avatars,VR,Not Applicable,NA,NA,NA,NA,NA,NA,NA,NA,NA,NA,NA,NA,NA,NA,0,0,NA
Inducing Bystander Interventions During Robot Abuse with Social Mechanisms,27,conferencePaper,HRI `18: PROCEEDINGS OF THE 2018 ACM/IEEE INTERNATIONAL CONFERENCE ON HUMAN-ROBOT INTERACTION,2018,US,abuse; bullying; empathy; Human-robot interaction; peer intervention; robots,1,0,NA,NA,NA,NA,NA,NA,NA,NA,NA,NA,NA,NA,NA,NA,NA,NA,Cozmo Robot,HRI,Preprogrammed,NA,NA,NA,NA,NA,NA,NA,NA,NA,NA,NA,NA,NA,NA,0,0,NA
Touch Your Heart: A Tone-aware Chatbot for Customer Care on Social Media,56,conferencePaper,PROCEEDINGS OF THE 2018 CHI CONFERENCE ON HUMAN FACTORS IN COMPUTING SYSTEMS (CHI 2018),2018,US,Chatbot; Customer Care; Deep Learning; Social Media,1,0,Country=authors,NA,NA,NA,NA,NA,NA,NA,NA,NA,NA,NA,NA,NA,NA,NA,Text Dataset,HRI / Customer Service,Chatbot: LSTM,NA,NA,NA,NA,NA,NA,NA,NA,NA,NA,NA,NA,NA,NA,0,0,NA
Stacked Deep Convolutional Auto-Encoders for Emotion Recognition from Facial Expressions,38,conferencePaper,2017 INTERNATIONAL JOINT CONFERENCE ON NEURAL NETWORKS (IJCNN),2017,UK,NA,1,0,NA,NA,NA,NA,NA,NA,NA,NA,NA,NA,NA,NA,NA,NA,NA,NA,Image Dataset,Computer Vision,FER: SCAE,NA,NA,NA,NA,NA,NA,NA,NA,NA,NA,NA,NA,NA,NA,0,0,NA
Robot as Tutee,5,conferencePaper,ROBOTICS IN EDUCATION: RESEARCH AND PRACTICES FOR ROBOTICS IN STEM EDUCATION,2017,SE,Robot tutee; Robotics; Role-model learner; Teachable agent; Tutoring,1,0,Country=authors,NA,NA,NA,NA,NA,NA,NA,NA,NA,NA,NA,NA,NA,NA,NA,NA,NA,NA,NA,NA,NA,NA,NA,NA,NA,NA,NA,NA,NA,NA,NA,NA,0,0,NA
Zara Returns: Improved Personality Induction and Adaptation by an Empathetic Virtual Agent,14,conferencePaper,PROCEEDINGS OF THE 55TH ANNUAL MEETING OF THE ASSOCIATION FOR COMPUTATIONAL LINGUISTICS (ACL 2017): SYSTEM DEMONSTRATIONS,2017,HK,NA,1,0,Country=authors,NA,NA,NA,NA,NA,NA,NA,NA,NA,NA,NA,NA,NA,NA,NA,Avatar,HAI,Personality Recognition: Audio and Text CNN,NA,NA,NA,NA,NA,NA,NA,NA,NA,NA,NA,NA,NA,NA,0,0,NA
Emotion Recognition Using Facial Expression Images for a Robotic Companion,6,conferencePaper,"ENGINEERING APPLICATIONS OF NEURAL NETWORKS, EANN 2016",2016,UK,Emotion recognition; Gabor filter; Image classification; Neural networks; Social robots; Support Vector Machine,1,0,Country=authors,NA,NA,NA,NA,NA,NA,NA,NA,NA,NA,NA,NA,NA,NA,NA,Image Dataset,HRI / Computer Vision,FER: SVM vs MLP,NA,NA,NA,NA,NA,NA,NA,NA,NA,NA,NA,NA,NA,NA,0,0,NA
Analyzing Human-Avatar Interaction with Neurotypical and not Neurotypical Users,1,conferencePaper,"UBIQUITOUS COMPUTING AND AMBIENT IN℡LIGENCE, UCAMI 2016, PT I",2016,EU,Affective avatar; Affective computing; Cognitive disabilities; Empathy; Human-avatar interaction; Social communication disorder,1,0,NA,NA,NA,NA,NA,NA,NA,NA,NA,NA,NA,NA,NA,NA,NA,NA,Avatar,HRI / Therapy,Not Applicable,NA,NA,NA,NA,NA,NA,NA,NA,NA,NA,NA,NA,NA,NA,0,0,NA
Human-Robot Interactoin Design for Robot-Assisted Intervention for Children with Autism Based on E-S Theory,8,conferencePaper,"2016 8TH INTERNATIONAL CONFERENCE ON IN℡LIGENT HUMAN-MACHINE SYSTEMS AND CYBERNETICS (IHMSC), VOL. 2",2016,CN,autism therapy; Empathizing-Systemizing (E-S) theory; Human Robot Interaction (HRI); social robot,1,0,Country=authors,NA,NA,NA,NA,NA,NA,NA,NA,NA,NA,NA,NA,NA,NA,NA,NAO Robot,HRI / Therapy,GOFAI / Not specified,NA,NA,NA,NA,NA,NA,NA,NA,NA,NA,NA,NA,NA,NA,0,0,NA
An Interdisciplinary Approach to Improving Cognitive Human-Robot Interaction - A Novel Emotion-Based Model,5,conferencePaper,WHAT SOCIAL ROBOTS CAN AND SHOULD DO,2016,ES,ELS aspects; emotions; human-robot interaction (HRI); social robot design; social robots,1,0,NA,NA,NA,NA,NA,NA,NA,NA,NA,NA,NA,NA,NA,NA,NA,NA,None,HRI,Not Applicable,NA,NA,NA,NA,NA,NA,NA,NA,NA,NA,NA,NA,NA,NA,0,0,NA
Ethically-Guided Emotional Responses for Social Robots: Should I Be Angry?,17,conferencePaper,"SOCIAL ROBOTICS, (ICSR 2016)",2016,AU,Appraisal compensation; Appraisal theory; EEGS; Ethical emotion; Social robots,1,0,Country=authors,NA,NA,NA,NA,NA,NA,NA,NA,NA,NA,NA,NA,NA,NA,NA,None,HRI,Not Applicable,NA,NA,NA,NA,NA,NA,NA,NA,NA,NA,NA,NA,NA,NA,0,0,NA
Affect-Aware Student Models for Robot Tutors,41,conferencePaper,AAMAS'16: PROCEEDINGS OF THE 2016 INTERNATIONAL CONFERENCE ON AUTONOMOUS AGENTS & MULTIAGENT SYSTEMS,2016,US,affective computing; child-robot interaction; educational robots; socially assistive robots,1,0,NA,NA,NA,NA,NA,NA,NA,NA,NA,NA,NA,NA,NA,NA,NA,NA,Custom,HRI / Education,FER: Affdex SDK; Assesing Learning Outcomes: Bayesian Knowledge Tracing,NA,NA,NA,NA,NA,NA,NA,NA,NA,NA,NA,NA,NA,NA,0,0,NA
A Preliminary Framework for a Social Robot “Sixth Sense”,3,conferencePaper,"BIOMIMETIC AND BIOHYBRID SYSTEMS, LIVING MACHINES 2016",2016,EU,Affective computing; Behaviour monitoring; Human-Robot Interaction; Social robotics; Synthetic tutor,1,0,NA,NA,NA,NA,NA,NA,NA,NA,NA,NA,NA,NA,NA,NA,NA,NA,FACE Robot,HRI,Not Applicable,NA,NA,NA,NA,NA,NA,NA,NA,NA,NA,NA,NA,NA,NA,0,0,NA
The Affective Loop: A Tool for Autonomous and Adaptive Emotional Human-Robot Interaction,6,conferencePaper,ROBOT IN℡LIGENCE TECHNOLOGY ANDAPPLICATIONS 3,2015,EU,Affective Robotics; Personalization; Social Human-Robot Interaction; Social Robots; Subjective Computing,1,0,NA,NA,NA,NA,NA,NA,NA,NA,NA,NA,NA,NA,NA,NA,NA,NA,NAO Robot,HRI,Not Applicable,NA,NA,NA,NA,NA,NA,NA,NA,NA,NA,NA,NA,NA,NA,0,0,NA
Social and empathic behaviours: novel interfaces and interaction modalities,6,conferencePaper,2015 24TH IEEE INTERNATIONAL SYMPOSIUM ON ROBOT AND HUMAN INTERACTIVE COMMUNICATION (RO-MAN),2015,EU,NA,1,0,NA,NA,NA,NA,NA,NA,NA,NA,NA,NA,NA,NA,NA,NA,NA,NA,None / Graphical User Interface,HRI / Caregivers,Not Applicable,NA,NA,NA,NA,NA,NA,NA,NA,NA,NA,NA,NA,NA,NA,0,0,NA
An Empathic Robotic Tutor for School Classrooms: Considering Expectation and Satisfaction of Children as End-Users,22,conferencePaper,SOCIAL ROBOTICS (ICSR 2015),2015,EU; PT,Expectation; Human-Robot Interaction; Robotic tutor; Satisfaction; User-centered design,1,0,NA,NA,NA,NA,NA,NA,NA,NA,NA,NA,NA,NA,NA,NA,NA,NA,NAO Robot + Interactive touch table,HRI / Education,automated game play but Wizard of Oz for timing and flow of interaction,NA,NA,NA,NA,NA,NA,NA,NA,NA,NA,NA,NA,NA,NA,0,0,NA
DELEX: A DEep Learning Emotive EXperience: Investigating Empathic HCI,0,conferencePaper,Proceedings of the International Conference on Advanced Visual Interfaces,2020,IT,NA,1,0,Country=authors,NA,NA,NA,NA,NA,NA,NA,NA,NA,NA,NA,NA,NA,NA,NA,None / Avatars,VR,FER: CNN VGG;,NA,NA,NA,NA,NA,NA,NA,NA,NA,NA,NA,NA,NA,NA,0,0,NA
Modeling and Simulating Empathic Behavior in Social Assistive Robots,4,conferencePaper,Proceedings of the 11th Biannual Conference on Italian SIGCHI Chapter,2015,IT,"Human-centered computing,User models,Human-centered computing,Natural language interfaces",1,0,NA,NA,NA,NA,NA,NA,NA,NA,NA,NA,NA,NA,NA,NA,NA,NA,NAO Robot,HRI,"Behaviour: BDI; Reasoning: DBN; FER: SVM, kNN, Random Forest; ASR: VOCE",NA,NA,NA,NA,NA,NA,NA,NA,NA,NA,NA,NA,NA,NA,0,0,NA
Cyrafour: How Two Human Avatars Communicate With Each Other,1,conferencePaper,Proceedings of the 33rd Annual ACM Conference Extended Abstracts on Human Factors in Computing Systems,2015,DK,Embodied Cognition; Cyranoids; Human Avatars; Serious; Games; Telepresence; Copresence; Personal Surrogates,1,0,Country=authors,NA,NA,NA,NA,NA,NA,NA,NA,NA,NA,NA,NA,NA,NA,NA,None,Telepresence,Not Applicable,NA,NA,NA,NA,NA,NA,NA,NA,NA,NA,NA,NA,NA,NA,0,0,NA
Sharing Emotion Described as Text on the Internet by Changing Self-Physiological Perception,1,conferencePaper,Proceedings of the Fourth International Conference on Human Agent Interaction,2016,JP,Emotion; self-perception; physiological perception; a sense of ownership; theory of mind; online communication,1,0,NA,NA,NA,NA,NA,NA,NA,NA,NA,NA,NA,NA,NA,NA,NA,NA,Communious Mouse,HCI,NA,NA,NA,NA,NA,NA,NA,NA,NA,NA,NA,NA,NA,NA,NA,0,0,NA
Personal Quizmaster: A Pattern Approach to Personalized Interaction Experiences with the MiRo Robot,1,conferencePaper,Proceedings of the Conference on Mensch Und Computer,2020,DE,"social robot, behavioral patterns, multimodal behavioral expressions,personalized Human-Robot Interaction",1,0,NA,NA,NA,NA,NA,NA,NA,NA,NA,NA,NA,NA,NA,NA,NA,NA,MiRo Robot,HRI,Wizard of Oz,NA,NA,NA,NA,NA,NA,NA,NA,NA,NA,NA,NA,NA,NA,0,0,NA
Drone in Love: Emotional Perception of Facial Expressions on Flying Robots,0,conferencePaper,Proceedings of the 2021 CHI Conference on Human Factors in Computing Systems,2021,IL;DE;CA,"Human-Drone Interaction, Afective Computing, Emotion Recognition, Facial Expressions, Anthropomorphism, Robot, UAV",1,0,NA,NA,NA,NA,NA,NA,NA,NA,NA,NA,NA,NA,NA,NA,NA,NA,Images,HRI,Not Applicable,NA,NA,NA,NA,NA,NA,NA,NA,NA,NA,NA,NA,NA,NA,0,0,NA
Detection of Real-World Driving-Induced Affective State Using Physiological Signals and Multi-View Multi-Task Machine Learning,1,conferencePaper,2019 8th International Conference on Affective Computing and Intelligent Interaction Workshops and Demos (ACIIW),2019,US,NA,1,0,Country=authors,NA,NA,NA,NA,NA,NA,NA,NA,NA,NA,NA,NA,NA,NA,NA,Physiological signals Dataset,Machine Learning / Automotive,SVM / Logistic regression,NA,NA,NA,NA,NA,NA,NA,NA,NA,NA,NA,NA,NA,NA,0,0,NA
Incorporating politeness across languages in customer care responses: Towards building a multi-lingual empathetic dialogue agent,0,conferencePaper,"LREC 2020 - 12th International Conference on Language Resources and Evaluation, Conference Proceedings",2020,IN,"Courteous, Response generation, Deep Learning, Multilingualism",1,0,NA,NA,NA,NA,NA,NA,NA,NA,NA,NA,NA,NA,NA,NA,NA,NA,Text Dataset,HRI / Customer Service,Bi-LSTM,NA,NA,NA,NA,NA,NA,NA,NA,NA,NA,NA,NA,NA,NA,0,0,NA
Emotion Differentiation based on Decision-Making in Emotion Model,2,conferencePaper,2018 27TH IEEE INTERNATIONAL SYMPOSIUM ON ROBOT AND HUMAN INTERACTIVE COMMUNICATION (IEEE RO-MAN 2018),2018,JP,NA,1,0,NA,NA,NA,NA,NA,NA,NA,NA,NA,NA,NA,NA,NA,NA,NA,NA,Image Dataset,HRI,Reasoning: LSTM + DDPG,NA,NA,NA,NA,NA,NA,NA,NA,NA,NA,NA,NA,NA,NA,0,0,NA
Emotion-recognition from speech-based interaction in AAL environment,1,conferencePaper,CEUR Workshop Proceedings,2017,IT,NA,1,0,Country=authors,NA,NA,NA,NA,NA,NA,NA,NA,NA,NA,NA,NA,NA,NA,NA,Speech Dataset / NAO Robot,HRI,ASR: VOCE + Classification Algorithms,NA,NA,NA,NA,NA,NA,NA,NA,NA,NA,NA,NA,NA,NA,1,0,NA
Recognition and expression of emotions by a symbiotic android head,6,conferencePaper,IEEE-RAS International Conference on Humanoid Robots,2015,ES,NA,1,0,Country=authors,NA,NA,NA,NA,NA,NA,NA,NA,NA,NA,NA,NA,NA,NA,NA,FACE Robot,HRI,Cognitive Architecture: Rule-based,NA,NA,NA,NA,NA,NA,NA,NA,NA,NA,NA,NA,NA,NA,0,0,NA
Towards an empathic social robot for ambient assisted living,7,conferencePaper,CEUR Workshop Proceedings,2015,IT,NA,1,0,NA,NA,NA,NA,NA,NA,NA,NA,NA,NA,NA,NA,NA,NA,NA,NA,NAO Robot,HRI,"Recognition: VOCE, SVM, kNN, random forest; Reasoning: DBN; Behavior: BDI",NA,NA,NA,NA,NA,NA,NA,NA,NA,NA,NA,NA,NA,NA,0,0,NA
Artificial Empathy for Clinical Companion Robots with Privacy-By-Design,0,conferencePaper,"Lecture Notes of the Institute for Computer Sciences, Social-Informatics and Telecommunications Engineering, LNICST",2021,"CA,MX",Companion robots · Mental health · Privacy-by-design ·Automatic speech recognition · Artificial intelligence · Artificial empathy,1,0,Country=authors,NA,NA,NA,NA,NA,NA,NA,NA,NA,NA,NA,NA,NA,NA,NA,ASUS Zenbo Robot,HRI / Therapy,Not Applicable,NA,NA,NA,NA,NA,NA,NA,NA,NA,NA,NA,NA,NA,NA,0,0,NA
A composite framework for supporting user emotion detection based on intelligent taxonomy handling,0,journalArticle,LOGIC JOURNAL OF THE IGPL,2021,IT,affective AI; human-robot interaction; Taxonomies,1,0,NA,NA,NA,NA,NA,NA,NA,NA,NA,NA,NA,NA,NA,NA,NA,NA,None / Text,Chatbot / Recommendation System,"GOFAI / Google Speech API, RiveSrcipt Engine,Twitter API, etc",NA,NA,NA,NA,NA,NA,NA,NA,NA,NA,NA,NA,NA,NA,0,0,NA
"The Design and Implementation of XiaoIce, an Empathetic Social Chatbot",189,journalArticle,COMPUTATIONAL LINGUISTICS,2020,CN,NA,1,0,NA,NA,NA,NA,NA,NA,NA,NA,NA,NA,NA,NA,NA,NA,NA,NA,Virtual Agent,Chatbot,MDP + GRU-RNN / A lot Not specified,NA,NA,NA,NA,NA,NA,NA,NA,NA,NA,NA,NA,NA,NA,0,0,NA
Development of an Effective Information Media Using Two Android Robots,1,journalArticle,APPLIED SCIENCES-BASEL,2019,JP,android robot; human robot interaction; multiple conversation robots; passive social conversation,1,0,NA,NA,NA,NA,NA,NA,NA,NA,NA,NA,NA,NA,NA,NA,NA,NA,Geminoids,HRI,Prerecorded,NA,NA,NA,NA,NA,NA,NA,NA,NA,NA,NA,NA,NA,NA,0,0,NA
"Multimodal Integration of Emotional Signals from Voice, Body, and Context: Effects of (In)Congruence on Emotion Recognition and Attitudes Towards Robots",27,journalArticle,INTERNATIONAL JOURNAL OF SOCIAL ROBOTICS,2019,CH,Believability; Body language; Human-robot interaction; Multi-modal interaction; Robot emotions; Social robots,1,0,NA,NA,NA,NA,NA,NA,NA,NA,NA,NA,NA,NA,NA,NA,NA,NA,Pepper Robot,HRI,Prerecorded,NA,NA,NA,NA,NA,NA,NA,NA,NA,NA,NA,NA,NA,NA,0,0,NA
Application of autoencoders in cyber-empathic design,2,journalArticle,DESIGN SCIENCE,2018,US,empathic design; machine learning; product design; sensors,1,0,NA,NA,NA,NA,NA,NA,NA,NA,NA,NA,NA,NA,NA,NA,NA,NA,Time-series dataset,HRI,Behaviour recognition: Autoencoders,NA,NA,NA,NA,NA,NA,NA,NA,NA,NA,NA,NA,NA,NA,0,0,NA
Emotional Storytelling Using Virtual and Robotic Agents,28,journalArticle,INTERNATIONAL JOURNAL OF HUMANOID ROBOTICS,2018,PT;KR,emotional affective response; eye blink analysis; facial expression analysis; non-verbal communication; posture analysis; robot and virtual agents; Storytelling,1,0,NA,NA,NA,NA,NA,NA,NA,NA,NA,NA,NA,NA,NA,NA,NA,NA,Virtual Agent / Ibn Sina Robot,HRI,GOFAI / Prerecorded,NA,NA,NA,NA,NA,NA,NA,NA,NA,NA,NA,NA,NA,NA,0,0,NA
Experiences of a Motivational Interview Delivered by a Robot: Qualitative Study,23,journalArticle,JOURNAL OF MEDICAL INTERNET RESEARCH,2018,PT,computer-assisted therapy; counseling; exercise; motivation; motivational interviewing; person-centered therapy; qualitative research; robotics,1,0,NA,NA,NA,NA,NA,NA,NA,NA,NA,NA,NA,NA,NA,NA,NA,NA,NAO Robot,HRI,Hardcoded,NA,NA,NA,NA,NA,NA,NA,NA,NA,NA,NA,NA,NA,NA,0,0,NA
Designing the Mind of a Social Robot,21,journalArticle,APPLIED SCIENCES-BASEL,2018,EU,cognitive architecture; human-inspired robot; humanoid; robot mind; social cognition; social robot,1,0,NA,NA,NA,NA,NA,NA,NA,NA,NA,NA,NA,NA,NA,NA,NA,NA,FACE Robot,HRI,Cognitive Architecture,NA,NA,NA,NA,NA,NA,NA,NA,NA,NA,NA,NA,NA,NA,0,0,NA
Empathizing with Emotional Robot Based on Cognition Reappraisal,7,journalArticle,CHINA COMMUNICATIONS,2017,CN,active field emotion space; emotional regulation; emotional robot; guiding cognitive reappraisal; human-robot interaction,1,0,NA,NA,NA,NA,NA,NA,NA,NA,NA,NA,NA,NA,NA,NA,NA,NA,Custom,HRI,GOFAI + HMM,NA,NA,NA,NA,NA,NA,NA,NA,NA,NA,NA,NA,NA,NA,0,0,NA
Can a humanoid face be expressive? A psychophysiological investigation,28,journalArticle,FRONTIERS IN BIOENGINEERING AND BIOTECHNOLOGY,2015,EU,affective computing; emotion perception; expression recognition; facial expressions; humanoid robot; psychophysiological signals; social robots,1,0,NA,NA,NA,NA,NA,NA,NA,NA,NA,NA,NA,NA,NA,NA,NA,NA,FACE Robot,HRI,Not Applicable,NA,NA,NA,NA,NA,NA,NA,NA,NA,NA,NA,NA,NA,NA,0,0,NA
Promises and trust in human–robot interaction,0,journalArticle,SCIENTIFIC REPORTS,2021,IT,NA,1,0,NA,NA,NA,NA,NA,NA,NA,NA,NA,NA,NA,NA,NA,NA,NA,NA,FACE Robot + Smart Speaker,HRI,Not Applicable,NA,NA,NA,NA,NA,NA,NA,NA,NA,NA,NA,NA,NA,NA,0,0,Ask for code
Enhancing Emotional Support: The Effect of a Robotic Object on Human–Human Support Quality,0,journalArticle,INTERNATIONAL JOURNAL OF SOCIAL ROBOTICS,2021,IL,Non-humanoid robots · Human–human robot interaction · Emotional support · Social support · Empathy Caregiving,1,0,Country=authors. See video in supplementary material,NA,NA,NA,NA,NA,NA,NA,NA,NA,NA,NA,NA,NA,NA,NA,Unnamed 2D Lamp-like,HRI,Wizard of Oz / Prerecorded motions,NA,NA,NA,NA,NA,NA,NA,NA,NA,NA,NA,NA,NA,NA,0,0,NA
Multi-modality Sentiment Analysis in Social Internet of Things based on Hierarchical Attentions and CSATTCN with MBM Network,9,journalArticle,IEEE Internet of Things Journal,2020,CN,Multi-modality; Sentimental analysis;Social internet of things;,1,0,NA,NA,NA,NA,NA,NA,NA,NA,NA,NA,NA,NA,NA,NA,NA,NA,None / Video datasets,Machine Learning,LSTM + H-SATF + CSAT-TCN + MBM,NA,NA,NA,NA,NA,NA,NA,NA,NA,NA,NA,NA,NA,NA,0,0,NA
Motions with emotions? A phenomenological approach to understanding the simulated aliveness of a robot body,12,journalArticle,Techne: Research in Philosophy and Technology,2019,FI,"companion robots, phenomenology, morphology, simulated aliveness,emotions",1,0,NA,NA,NA,NA,NA,NA,NA,NA,NA,NA,NA,NA,NA,NA,NA,NA,NAO Robot,HRI,Wizard of Oz,NA,NA,NA,NA,NA,NA,NA,NA,NA,NA,NA,NA,NA,NA,0,0,NA
Appearance of a robot affects the impact of its behaviour on perceived trustworthiness and empathy,27,journalArticle,Paladyn,2016,JP,"Human–Robot Interaction, Anthropomorphism,Trust, Empathy, Anxiety",1,0,NA,NA,NA,NA,NA,NA,NA,NA,NA,NA,NA,NA,NA,NA,NA,NA,Geminoid and Robovie R2,HRI,Wizard of Oz,NA,NA,NA,NA,NA,NA,NA,NA,NA,NA,NA,NA,NA,NA,0,0,NA
Towards the synthetic self: making others perceive me as an other,21,journalArticle,"Paladyn, Journal of Behavioral Robotics",2015,EU,Human-Robot Interaction; Social Robotics; Attention and Emotion; Cognitive Architecture; Behavioral Compositionality,1,0,NA,NA,NA,NA,NA,NA,NA,NA,NA,NA,NA,NA,NA,NA,NA,NA,iCub / iKart,Cognitive Architecture,DAC Cognitive Architecture / GOFAI,NA,NA,NA,NA,NA,NA,NA,NA,NA,NA,NA,NA,NA,NA,0,0,NA
